horizon_min,n,mae,brier,observed_yes_rate,predicted_mean
10,9011,0.3759400177560759,0.18985011616357786,0.4205970480523804,0.41980118743757633
30,8935,0.3756277000559597,0.18964376656407386,0.41980973698936763,0.4194357582540571
60,8795,0.37445258669698694,0.18925585818646956,0.41853325753268905,0.4182780557134736
120,8556,0.3730118045815802,0.18827889843384757,0.4164329125759701,0.4157655446470313
240,8102,0.37084966674895087,0.18735511262651197,0.41224389039743276,0.4112458652184646
360,7604,0.364554050499737,0.18407988315360338,0.40846922672277747,0.40605247238295633
1440,3945,0.261831051964512,0.13376297509505702,0.3333333333333333,0.32552889733840307
2880,3317,0.23244422671088333,0.11901788340367803,0.30901416943020804,0.2979642749472415
