model,n_obs,n_params,r2,rmse
baseline,117536,3,0.06187589441917807,0.2218863944057076
with_controls,117536,31,0.26855585269306603,0.19592556593039057
